{"cameraMode":{"drawMode":0,"name":"Shaded","section":"Shading Mode"},"sceneLighting":true,"audioPlay":false,"sceneViewState":{"showFog":true,"showMaterialUpdate":false,"showSkybox":true,"showFlares":true,"showImageEffects":true,"showParticleSystems":true},"in2DMode":false,"pivot":{"x":-76.21598815917969,"y":-3.3703653812408449,"z":89.84117889404297},"rotation":{"x":-0.21979466080665589,"y":0.7380679249763489,"z":-0.2847360372543335,"w":-0.5714793801307678},"size":39.639190673828128,"orthographic":false}