{"cameraMode":{"drawMode":0,"name":"Shaded","section":"Shading Mode"},"sceneLighting":true,"audioPlay":false,"sceneViewState":{"showFog":true,"showMaterialUpdate":false,"showSkybox":true,"showFlares":true,"showImageEffects":true,"showParticleSystems":true},"in2DMode":false,"pivot":{"x":0.22888530790805818,"y":-0.7149179577827454,"z":-2.1199605464935304},"rotation":{"x":0.17773044109344483,"y":-0.6980222463607788,"z":0.1855086088180542,"w":0.6684722304344177},"size":10.653226852416993,"orthographic":false}