{"cameraMode":{"drawMode":0,"name":"Shaded","section":"Shading Mode"},"sceneLighting":true,"audioPlay":false,"sceneViewState":{"showFog":true,"showMaterialUpdate":false,"showSkybox":true,"showFlares":true,"showImageEffects":true,"showParticleSystems":true},"in2DMode":false,"pivot":{"x":-94.86392211914063,"y":-57.74605178833008,"z":8.621438026428223},"rotation":{"x":0.22363780438899995,"y":-0.6664053797721863,"z":0.22103172540664674,"w":0.6762712001800537},"size":195.3376007080078,"orthographic":false}