{"cameraMode":{"drawMode":0,"name":"Shaded","section":"Shading Mode"},"sceneLighting":false,"audioPlay":false,"sceneViewState":{"showFog":true,"showMaterialUpdate":false,"showSkybox":false,"showFlares":true,"showImageEffects":true,"showParticleSystems":true},"in2DMode":false,"pivot":{"x":-4.712226390838623,"y":-1.321164608001709,"z":7.383220195770264},"rotation":{"x":0.20635659992694856,"y":-0.3433278501033783,"z":0.07769662886857987,"w":0.9130458235740662},"size":21.421354293823243,"orthographic":false}