{"cameraMode":{"drawMode":0,"name":"Shaded","section":"Shading Mode"},"sceneLighting":true,"audioPlay":false,"sceneViewState":{"showFog":true,"showMaterialUpdate":true,"showSkybox":true,"showFlares":true,"showImageEffects":true,"showParticleSystems":true},"in2DMode":false,"pivot":{"x":-111.9844970703125,"y":-28.988113403320314,"z":59.131649017333987},"rotation":{"x":-0.1808226853609085,"y":0.7530771493911743,"z":-0.23249545693397523,"w":-0.589178204536438},"size":280.75244140625,"orthographic":false}